{"noiseKey":{"private":{"type":"Buffer","data":"qHpIJ4fzKDeJ7FsgGtGVMo7/oEhy8CBjZHr+XGvFPVU="},"public":{"type":"Buffer","data":"HFvIZgLd2daKpjjrCH6r87X1m3tRa3Q9BvmZYeRhlTs="}},"pairingEphemeralKeyPair":{"private":{"type":"Buffer","data":"kFImieAHZS9A7pH5IU7rHGCXHHFeZPAwbye5Yr2be2A="},"public":{"type":"Buffer","data":"Mb/XAccoUumn77KwOG9kQKi8IPNpP0sK3/AFw1Wv91g="}},"signedIdentityKey":{"private":{"type":"Buffer","data":"CAWVtKJ0Hod4y9lCi6WtjuTz4pO6aZiVMwR4wdgLbGI="},"public":{"type":"Buffer","data":"5I1zWwudfL//ySoAEFD4XvKXE478MCfpBHswWA/vJhM="}},"signedPreKey":{"keyPair":{"private":{"type":"Buffer","data":"0CtfVucgJzKKTQyn4ijeiFsKFrayEM59vuJPrBjmFUw="},"public":{"type":"Buffer","data":"cDaZjqGwnHdHnwg+xAleBSV3/R31F+oFDOZ5kePMclw="}},"signature":{"type":"Buffer","data":"pKwMN4DYgHw1WUhE6PZJuntR78r6Zthv7Xavd1zNoxkxk7ituamkXRcI/PKAPjZmP4iFvha7zyzJe6z2JoZ6Ag=="},"keyId":1},"registrationId":155,"advSecretKey":"4vWC9GVJNmyLjUdstycf3imrRAEtKbkNWOEv8YMXvMk=","processedHistoryMessages":[{"key":{"remoteJid":"254107406152@s.whatsapp.net","fromMe":true,"id":"A75730F42AD01574B254496C64794165"},"messageTimestamp":1756153821},{"key":{"remoteJid":"254107406152@s.whatsapp.net","fromMe":true,"id":"2BAF00877FD2AEE77EE0AF40ED684F17"},"messageTimestamp":1756153847}],"nextPreKeyId":31,"firstUnuploadedPreKeyId":31,"accountSyncCounter":1,"accountSettings":{"unarchiveChats":false},"deviceId":"EDIlqWolQtWVjeX7T7ZFsg","phoneId":"94fb1f5f-8f07-462a-a036-73a0a0fe0aa3","identityId":{"type":"Buffer","data":"OimyqzhVZbB/TjtIOk2yRm7GytE="},"registered":true,"backupToken":{"type":"Buffer","data":"/HL6CS5Jc5GLrDdqkTOHqq3AzoI="},"registration":{},"pairingCode":"DRAY1922","me":{"id":"254107406152:1@s.whatsapp.net","name":"tram","lid":"78551244103692:1@lid"},"account":{"details":"CIiT4EMQ04+zxQYYASAAKAA=","accountSignatureKey":"A0YzHxWmzS/md1PnRnHiqg+GJPtVSqZ3juaYwT1sBgk=","accountSignature":"euLZBZZB9QbJYi5SBeCtDKEIYUAkA2UohHMHOtwhNElnz4VK6I+9qJsvKMyDSXItbHD35K4V9x6nplYCT3w4CQ==","deviceSignature":"4gWpGzmnwgYg2Pd6Wz/Fg4kMWe8Zh2cavNFWSic/IX8AFowCX8kbrwPibGbyMTLRKYinwmkn1i7SuEijktT2AQ=="},"signalIdentities":[{"identifier":{"name":"254107406152:1@s.whatsapp.net","deviceId":0},"identifierKey":{"type":"Buffer","data":"BQNGMx8Vps0v5ndT50Zx4qoPhiT7VUqmd47mmME9bAYJ"}}],"platform":"smba","routingInfo":{"type":"Buffer","data":"CAUIAg=="},"lastAccountSyncTimestamp":1756153816,"myAppStateKeyId":"AAAAAH6X"}